time_s,pos_x_px,pos_y_px,vx_px_s,vy_px_s,speed_px_s,target_vx_px_s,target_vy_px_s,target_speed_px_s
0.139341,702.000,1590.000,-0.078036,-0.017617,0.080000,0.056569,-0.056568,0.080000
0.280817,702.000,1590.000,-0.078745,0.014112,0.080000,0.056569,-0.056568,0.080000
0.427918,702.000,1590.000,-0.078745,0.014113,0.080000,0.056568,-0.056569,0.080000
0.575497,702.000,1590.000,-0.078745,0.014113,0.080000,0.056568,-0.056569,0.080000
0.720061,728.000,1599.000,-0.078745,0.014113,0.080000,0.056568,-0.056569,0.080000
0.860947,729.000,1599.000,-0.079171,0.011487,0.080000,0.056568,-0.056569,0.080000
1.002033,729.000,1599.000,-0.079204,0.011258,0.080000,0.056568,-0.056569,0.080000
1.144467,729.000,1599.000,-0.079204,0.011257,0.080000,0.056569,-0.056568,0.080000
1.281599,729.000,1599.000,-0.079204,0.011256,0.080000,0.056570,-0.056568,0.080000
1.413946,743.000,1599.000,-0.079204,0.011255,0.080000,0.056571,-0.056566,0.080000
1.556597,743.000,1599.000,-0.079196,0.011311,0.080000,0.056572,-0.056566,0.080000
1.708328,743.000,1600.000,-0.079197,0.011310,0.080000,0.056571,-0.056566,0.080000
1.847845,743.000,1600.000,-0.079237,0.011025,0.080000,0.056568,-0.056569,0.080000
1.994108,743.000,1600.000,-0.079236,0.011028,0.080000,0.056565,-0.056572,0.080000
2.128132,743.000,1600.000,-0.079236,0.011033,0.080000,0.056560,-0.056577,0.080000
2.266991,770.000,1597.000,-0.079235,0.011040,0.080000,0.056557,-0.056580,0.080000
2.415862,770.000,1597.000,-0.078853,0.013499,0.080000,0.056560,-0.056577,0.080000
2.554543,770.000,1597.000,-0.078854,0.013494,0.080000,0.056569,-0.056568,0.080000
2.694011,770.000,1597.000,-0.078856,0.013483,0.080000,0.056582,-0.056555,0.080000
2.834296,770.000,1597.000,-0.078859,0.013464,0.080000,0.056601,-0.056536,0.080000
2.975556,770.000,1597.000,-0.078863,0.013438,0.080000,0.056610,-0.056527,0.080000
3.115785,789.000,1593.000,-0.078866,0.013425,0.080000,0.056600,-0.056537,0.080000
3.254484,789.000,1593.000,-0.078042,0.017590,0.080000,0.056570,-0.056567,0.080000
3.391661,789.000,1593.000,-0.078033,0.017632,0.080000,0.056521,-0.056616,0.080000
3.508657,789.000,1593.000,-0.078071,0.017463,0.080000,0.056465,-0.056672,0.080000
3.630139,789.000,1593.000,-0.078054,0.017540,0.080000,0.056416,-0.056720,0.080000
3.755222,789.000,1593.000,-0.078038,0.017607,0.080000,0.056424,-0.056713,0.080000
3.874301,812.000,1587.000,-0.078041,0.017597,0.080000,0.056485,-0.056652,0.080000
3.991862,812.000,1587.000,-0.076709,0.022709,0.080000,0.056598,-0.056539,0.080000
4.109914,812.000,1587.000,-0.076754,0.022556,0.080000,0.056762,-0.056374,0.080000
4.217337,812.000,1587.000,-0.076858,0.022199,0.080000,0.056956,-0.056179,0.080000
4.334543,812.000,1587.000,-0.076934,0.021935,0.080000,0.057128,-0.056004,0.080000
4.455805,829.000,1585.000,-0.077001,0.021699,0.080000,0.057111,-0.056021,0.080000
4.565212,829.000,1585.000,-0.075894,0.025299,0.080000,0.056920,-0.056215,0.080000
4.681670,829.000,1585.000,-0.075808,0.025558,0.080000,0.056539,-0.056598,0.080000
4.788468,829.000,1585.000,-0.075634,0.026068,0.080000,0.056005,-0.057127,0.080000
4.910028,829.000,1585.000,-0.075385,0.026778,0.080000,0.055192,-0.057913,0.080000
5.024272,840.000,1583.000,-0.074999,0.027841,0.080000,0.054447,-0.058613,0.080000
5.138292,840.000,1582.000,-0.073639,0.031262,0.080000,0.054382,-0.058674,0.080000
5.242958,840.000,1582.000,-0.073604,0.031345,0.080000,0.054943,-0.058149,0.080000
5.353858,840.000,1582.000,-0.073902,0.030636,0.080000,0.056190,-0.056944,0.080000
5.455911,840.000,1582.000,-0.074548,0.029027,0.080000,0.057832,-0.055276,0.080000
5.568472,840.000,1582.000,-0.075365,0.026834,0.080000,0.060088,-0.052815,0.080000
5.681716,846.000,1578.000,-0.076419,0.023667,0.080000,0.062616,-0.049791,0.080000
5.808291,847.000,1579.000,-0.076599,0.023078,0.080000,0.063629,-0.048490,0.080000
5.931680,847.000,1579.000,-0.077242,0.020823,0.080000,0.062331,-0.050148,0.080000
6.051658,847.000,1579.000,-0.076668,0.022849,0.080000,0.058407,-0.054669,0.080000
6.171398,847.000,1579.000,-0.074745,0.028518,0.080000,0.050677,-0.061902,0.080000
6.291575,861.000,1568.000,-0.070325,0.038137,0.080000,0.037295,-0.070775,0.080000
6.409985,861.000,1568.000,-0.056414,0.056722,0.080000,0.018684,-0.077788,0.080000
6.532777,861.000,1568.000,-0.040679,0.068886,0.080000,0.003131,-0.079939,0.080000
6.658178,861.000,1568.000,-0.026441,0.075504,0.080000,-0.006491,-0.079736,0.080000
6.781428,861.000,1568.000,-0.017183,0.078133,0.080000,-0.010835,-0.079263,0.080000
6.914477,869.000,1561.000,-0.012891,0.078955,0.080000,-0.010805,-0.079267,0.080000
7.042010,869.000,1561.000,-0.008883,0.079505,0.080000,-0.006645,-0.079724,0.080000
7.170033,869.000,1561.000,-0.013029,0.078932,0.080000,0.002313,-0.079967,0.080000
7.304342,869.000,1560.000,-0.021774,0.076980,0.080000,0.017762,-0.078003,0.080000
7.438517,869.000,1560.000,-0.036276,0.071303,0.080000,0.037131,-0.070861,0.080000
7.564439,880.000,1551.000,-0.053314,0.059645,0.080000,0.050286,-0.062220,0.080000
7.697652,880.000,1551.000,-0.061187,0.051538,0.080000,0.058718,-0.054334,0.080000
7.831600,880.000,1551.000,-0.067968,0.042194,0.080000,0.063488,-0.048675,0.080000
7.968464,880.000,1551.000,-0.071577,0.035732,0.080000,0.065708,-0.045634,0.080000
8.108363,880.000,1551.000,-0.073179,0.032325,0.080000,0.000000,0.000000,0.000000
8.244665,888.000,1542.000,0.000000,0.000000,0.000000,0.000000,0.000000,0.000000
8.384608,888.000,1542.000,0.000000,0.000000,0.000000,0.000000,0.000000,0.000000
8.514246,888.000,1542.000,0.000000,0.000000,0.000000,0.000000,0.000000,0.000000
8.653108,888.000,1542.000,0.000000,0.000000,0.000000,0.000000,0.000000,0.000000
8.785795,888.000,1542.000,0.000000,0.000000,0.000000,0.000000,0.000000,0.000000
8.915959,888.000,1542.000,0.000000,0.000000,0.000000,0.000000,0.000000,0.000000
9.050142,898.000,1534.000,0.000000,0.000000,0.000000,0.000000,0.000000,0.000000
9.179376,898.000,1534.000,0.000000,0.000000,0.000000,0.000000,0.000000,0.000000
9.317415,898.000,1534.000,0.000000,0.000000,0.000000,0.000000,0.000000,0.000000
9.438749,898.000,1534.000,0.000000,0.000000,0.000000,0.000000,0.000000,0.000000
9.560030,898.000,1534.000,0.000000,0.000000,0.000000,0.000000,0.000000,0.000000
9.668651,908.000,1525.000,0.000000,0.000000,0.000000,0.000000,0.000000,0.000000
9.793781,908.000,1525.000,0.000000,0.000000,0.000000,0.000000,0.000000,0.000000
9.910190,908.000,1525.000,0.000000,0.000000,0.000000,0.000000,0.000000,0.000000
10.015920,908.000,1525.000,0.000000,0.000000,0.000000,0.000000,0.000000,0.000000
10.127972,908.000,1525.000,0.000000,0.000000,0.000000,0.000000,0.000000,0.000000
10.235869,915.000,1519.000,0.000000,0.000000,0.000000,0.000000,0.000000,0.000000
10.344299,915.000,1519.000,0.000000,0.000000,0.000000,0.000000,0.000000,0.000000
10.464147,915.000,1519.000,0.000000,0.000000,0.000000,0.000000,0.000000,0.000000
10.578691,915.000,1519.000,0.000000,0.000000,0.000000,0.000000,0.000000,0.000000
10.701684,915.000,1519.000,0.000000,0.000000,0.000000,0.000000,0.000000,0.000000
10.813789,928.000,1510.000,0.000000,0.000000,0.000000,0.000000,0.000000,0.000000
10.924237,928.000,1510.000,0.000000,0.000000,0.000000,0.000000,0.000000,0.000000
11.038383,928.000,1510.000,0.000000,0.000000,0.000000,0.000000,0.000000,0.000000
11.155733,928.000,1510.000,0.000000,0.000000,0.000000,0.000000,0.000000,0.000000
11.272880,928.000,1510.000,0.000000,0.000000,0.000000,0.000000,0.000000,0.000000
11.387286,928.000,1510.000,0.000000,0.000000,0.000000,0.000000,0.000000,0.000000
11.497144,928.000,1510.000,0.000000,0.000000,0.000000,0.000000,0.000000,0.000000
11.603038,931.000,1504.000,0.000000,0.000000,0.000000,0.000000,0.000000,0.000000
11.718819,931.000,1504.000,0.000000,0.000000,0.000000,0.000000,0.000000,0.000000
11.824534,932.000,1504.000,0.000000,0.000000,0.000000,0.000000,0.000000,0.000000
11.934183,932.000,1504.000,0.000000,0.000000,0.000000,0.000000,0.000000,0.000000
12.044204,932.000,1504.000,0.000000,0.000000,0.000000,0.000000,0.000000,0.000000
12.155967,930.000,1490.000,0.000000,0.000000,0.000000,0.000000,0.000000,0.000000
12.265864,930.000,1490.000,0.000000,0.000000,0.000000,0.000000,0.000000,0.000000
12.383011,930.000,1490.000,0.000000,0.000000,0.000000,0.000000,0.000000,0.000000
12.521932,930.000,1490.000,0.000000,0.000000,0.000000,0.000000,0.000000,0.000000
12.687665,930.000,1490.000,0.000000,0.000000,0.000000,0.000000,0.000000,0.000000
12.842669,929.000,1479.000,0.000000,0.000000,0.000000,0.000000,0.000000,0.000000
12.998546,929.000,1478.000,0.000000,0.000000,0.000000,0.000000,0.000000,0.000000
13.144279,929.000,1478.000,0.000000,0.000000,0.000000,0.000000,0.000000,0.000000
13.288191,929.000,1478.000,0.000000,0.000000,0.000000,0.000000,0.000000,0.000000
13.437756,929.000,1478.000,0.000000,0.000000,0.000000,0.000000,0.000000,0.000000
13.585547,929.000,1478.000,0.000000,0.000000,0.000000,0.000000,0.000000,0.000000
13.726132,926.000,1458.000,0.000000,0.000000,0.000000,0.000000,0.000000,0.000000
13.861360,926.000,1458.000,0.000000,0.000000,0.000000,0.000000,0.000000,0.000000
13.997615,926.000,1458.000,0.000000,0.000000,0.000000,0.000000,0.000000,0.000000
14.134192,926.000,1458.000,0.000000,0.000000,0.000000,0.000000,0.000000,0.000000
14.268126,926.000,1458.000,0.000000,0.000000,0.000000,0.000000,0.000000,0.000000
14.402793,919.000,1454.000,0.000000,0.000000,0.000000,0.000000,0.000000,0.000000
14.531531,919.000,1454.000,0.000000,0.000000,0.000000,0.000000,0.000000,0.000000
14.664462,919.000,1454.000,0.000000,0.000000,0.000000,0.000000,0.000000,0.000000
14.807546,919.000,1454.000,0.000000,0.000000,0.000000,0.000000,0.000000,0.000000
14.946234,919.000,1454.000,0.000000,0.000000,0.000000,0.000000,0.000000,0.000000
15.083819,912.000,1439.000,0.000000,0.000000,0.000000,0.000000,0.000000,0.000000
15.217967,912.000,1439.000,0.000000,0.000000,0.000000,0.000000,0.000000,0.000000
15.357871,912.000,1439.000,0.000000,0.000000,0.000000,0.000000,0.000000,0.000000
15.490085,912.000,1439.000,0.000000,0.000000,0.000000,0.000000,0.000000,0.000000
15.608492,912.000,1439.000,0.000000,0.000000,0.000000,0.000000,0.000000,0.000000
15.731471,908.000,1433.000,0.000000,0.000000,0.000000,0.000000,0.000000,0.000000
15.848284,908.000,1433.000,0.000000,0.000000,0.000000,0.000000,0.000000,0.000000
15.971442,908.000,1433.000,0.000000,0.000000,0.000000,0.000000,0.000000,0.000000
16.096970,908.000,1433.000,0.000000,0.000000,0.000000,0.000000,0.000000,0.000000
16.220216,908.000,1433.000,0.000000,0.000000,0.000000,0.000000,0.000000,0.000000
16.325990,908.000,1421.000,0.000000,0.000000,0.000000,0.000000,0.000000,0.000000
16.439977,908.000,1421.000,0.000000,0.000000,0.000000,0.000000,0.000000,0.000000
16.547215,908.000,1421.000,0.000000,0.000000,0.000000,0.000000,0.000000,0.000000
16.660191,908.000,1421.000,0.000000,0.000000,0.000000,0.000000,0.000000,0.000000
16.788010,908.000,1421.000,0.000000,0.000000,0.000000,0.000000,0.000000,0.000000
16.895791,904.000,1401.000,0.000000,0.000000,0.000000,0.000000,0.000000,0.000000
17.004539,904.000,1401.000,0.000000,0.000000,0.000000,0.000000,0.000000,0.000000
17.125845,904.000,1401.000,0.000000,0.000000,0.000000,0.000000,0.000000,0.000000
17.238669,904.000,1401.000,0.000000,0.000000,0.000000,0.000000,0.000000,0.000000
17.360039,904.000,1401.000,0.000000,0.000000,0.000000,0.000000,0.000000,0.000000
17.474089,904.000,1391.000,0.000000,0.000000,0.000000,0.000000,0.000000,0.000000
17.597030,903.000,1392.000,0.000000,0.000000,0.000000,0.000000,0.000000,0.000000
17.724384,903.000,1392.000,0.000000,0.000000,0.000000,0.000000,0.000000,0.000000
17.848049,903.000,1392.000,0.000000,0.000000,0.000000,0.000000,0.000000,0.000000
17.963140,903.000,1392.000,0.000000,0.000000,0.000000,0.000000,0.000000,0.000000
18.078692,903.000,1392.000,0.000000,0.000000,0.000000,0.000000,0.000000,0.000000
18.204473,903.000,1377.000,0.000000,0.000000,0.000000,0.000000,0.000000,0.000000
18.313043,903.000,1377.000,0.000000,0.000000,0.000000,0.000000,0.000000,0.000000
18.425803,903.000,1377.000,0.000000,0.000000,0.000000,0.000000,0.000000,0.000000
18.550197,903.000,1377.000,0.000000,0.000000,0.000000,0.000000,0.000000,0.000000
18.665923,902.000,1373.000,0.000000,0.000000,0.000000,0.000000,0.000000,0.000000
18.775774,902.000,1373.000,0.000000,0.000000,0.000000,0.000000,0.000000,0.000000
18.892494,902.000,1373.000,0.000000,0.000000,0.000000,0.000000,0.000000,0.000000
19.016109,902.000,1373.000,0.000000,0.000000,0.000000,0.000000,0.000000,0.000000
19.133688,902.000,1373.000,0.000000,0.000000,0.000000,0.000000,0.000000,0.000000
19.243222,902.000,1373.000,0.000000,0.000000,0.000000,0.000000,0.000000,0.000000
19.353256,900.000,1374.000,0.000000,0.000000,0.000000,0.000000,0.000000,0.000000
19.468369,900.000,1374.000,0.000000,0.000000,0.000000,0.000000,0.000000,0.000000
19.598240,900.000,1374.000,0.000000,0.000000,0.000000,0.000000,0.000000,0.000000
19.718092,900.000,1374.000,0.000000,0.000000,0.000000,0.000000,0.000000,0.000000
19.855783,900.000,1374.000,0.000000,0.000000,0.000000,0.000000,0.000000,0.000000
19.985936,900.000,1374.000,0.000000,0.000000,0.000000,0.000000,0.000000,0.000000
20.120191,890.000,1375.000,0.000000,0.000000,0.000000,0.000000,0.000000,0.000000
20.258096,890.000,1375.000,0.000000,0.000000,0.000000,0.000000,0.000000,0.000000
20.394395,890.000,1375.000,0.000000,0.000000,0.000000,0.000000,0.000000,0.000000
20.528406,890.000,1375.000,0.000000,0.000000,0.000000,0.000000,0.000000,0.000000
20.665879,890.000,1375.000,0.000000,0.000000,0.000000,0.000000,0.000000,0.000000
20.806034,880.000,1374.000,0.000000,0.000000,0.000000,0.000000,0.000000,0.000000
20.943188,880.000,1374.000,0.000000,0.000000,0.000000,0.000000,0.000000,0.000000
21.075854,880.000,1374.000,0.000000,0.000000,0.000000,0.000000,0.000000,0.000000
21.217407,880.000,1374.000,0.000000,0.000000,0.000000,0.000000,0.000000,0.000000
21.354177,880.000,1374.000,0.000000,0.000000,0.000000,0.000000,0.000000,0.000000
21.514410,864.000,1371.000,0.000000,0.000000,0.000000,0.000000,0.000000,0.000000
21.669868,864.000,1371.000,0.000000,0.000000,0.000000,0.000000,0.000000,0.000000
21.815579,864.000,1371.000,0.000000,0.000000,0.000000,0.000000,0.000000,0.000000
21.956029,864.000,1371.000,0.000000,0.000000,0.000000,0.000000,0.000000,0.000000
22.093173,864.000,1371.000,0.000000,0.000000,0.000000,0.000000,0.000000,0.000000
22.238503,864.000,1371.000,0.000000,0.000000,0.000000,0.000000,0.000000,0.000000
22.371368,847.000,1368.000,0.000000,0.000000,0.000000,0.000000,0.000000,0.000000
22.513045,847.000,1368.000,0.000000,0.000000,0.000000,0.000000,0.000000,0.000000
22.648134,847.000,1368.000,0.000000,0.000000,0.000000,0.000000,0.000000,0.000000
22.784279,847.000,1368.000,0.000000,0.000000,0.000000,0.000000,0.000000,0.000000
22.925150,836.000,1368.000,0.000000,0.000000,0.000000,0.000000,0.000000,0.000000
23.058658,836.000,1368.000,0.000000,0.000000,0.000000,0.000000,0.000000,0.000000
23.198535,836.000,1368.000,0.000000,0.000000,0.000000,0.000000,0.000000,0.000000
23.332976,836.000,1368.000,0.000000,0.000000,0.000000,0.000000,0.000000,0.000000
23.463140,836.000,1368.000,0.000000,0.000000,0.000000,0.000000,0.000000,0.000000
23.584068,836.000,1368.000,0.000000,0.000000,0.000000,0.000000,0.000000,0.000000
23.711779,813.000,1367.000,0.000000,0.000000,0.000000,0.000000,0.000000,0.000000
23.833955,814.000,1367.000,0.000000,0.000000,0.000000,0.000000,0.000000,0.000000
23.954439,814.000,1367.000,0.000000,0.000000,0.000000,0.000000,0.000000,0.000000
24.070104,814.000,1367.000,0.000000,0.000000,0.000000,0.000000,0.000000,0.000000
24.187179,814.000,1367.000,0.000000,0.000000,0.000000,0.000000,0.000000,0.000000
24.300128,800.000,1370.000,0.000000,0.000000,0.000000,0.000000,0.000000,0.000000
24.422972,800.000,1370.000,0.000000,0.000000,0.000000,0.000000,0.000000,0.000000
24.540020,800.000,1370.000,0.000000,0.000000,0.000000,0.000000,0.000000,0.000000
24.656853,800.000,1370.000,0.000000,0.000000,0.000000,0.000000,0.000000,0.000000
24.771635,800.000,1370.000,0.000000,0.000000,0.000000,0.000000,0.000000,0.000000
24.887314,800.000,1370.000,0.000000,0.000000,0.000000,0.000000,0.000000,0.000000
25.001636,781.000,1372.000,0.000000,0.000000,0.000000,0.000000,0.000000,0.000000
25.108413,781.000,1372.000,0.000000,0.000000,0.000000,0.000000,0.000000,0.000000
25.216779,781.000,1372.000,0.000000,0.000000,0.000000,0.000000,0.000000,0.000000
25.329816,781.000,1372.000,0.000000,0.000000,0.000000,0.000000,0.000000,0.000000
25.435742,781.000,1372.000,0.000000,0.000000,0.000000,0.000000,0.000000,0.000000
25.544483,767.000,1373.000,0.000000,0.000000,0.000000,0.000000,0.000000,0.000000
25.662842,767.000,1373.000,0.000000,0.000000,0.000000,0.000000,0.000000,0.000000
25.787187,767.000,1373.000,0.000000,0.000000,0.000000,0.000000,0.000000,0.000000
25.898474,767.000,1373.000,0.000000,0.000000,0.000000,0.000000,0.000000,0.000000
26.022288,767.000,1373.000,0.000000,0.000000,0.000000,0.000000,0.000000,0.000000
26.141715,755.000,1374.000,0.000000,0.000000,0.000000,0.000000,0.000000,0.000000
26.258390,755.000,1374.000,0.000000,0.000000,0.000000,0.000000,0.000000,0.000000
26.374340,755.000,1374.000,0.000000,0.000000,0.000000,0.000000,0.000000,0.000000
26.501503,755.000,1374.000,0.000000,0.000000,0.000000,0.000000,0.000000,0.000000
26.616049,755.000,1374.000,0.000000,0.000000,0.000000,0.000000,0.000000,0.000000
26.737373,754.000,1376.000,0.000000,0.000000,0.000000,0.000000,0.000000,0.000000
26.861553,754.000,1376.000,0.000000,0.000000,0.000000,0.000000,0.000000,0.000000
26.991636,754.000,1376.000,0.000000,0.000000,0.000000,0.000000,0.000000,0.000000
27.125886,754.000,1376.000,0.000000,0.000000,0.000000,0.000000,0.000000,0.000000
27.254258,754.000,1376.000,0.000000,0.000000,0.000000,0.000000,0.000000,0.000000
27.384414,756.000,1375.000,0.000000,0.000000,0.000000,0.000000,0.000000,0.000000
27.518564,756.000,1375.000,0.000000,0.000000,0.000000,0.000000,0.000000,0.000000
27.649910,756.000,1375.000,0.000000,0.000000,0.000000,0.000000,0.000000,0.000000
27.784253,756.000,1375.000,0.000000,0.000000,0.000000,0.000000,0.000000,0.000000
27.918334,756.000,1375.000,0.000000,0.000000,0.000000,0.000000,0.000000,0.000000
28.055614,766.000,1373.000,0.000000,0.000000,0.000000,0.000000,0.000000,0.000000
28.194945,766.000,1373.000,0.000000,0.000000,0.000000,0.000000,0.000000,0.000000
28.334358,766.000,1373.000,0.000000,0.000000,0.000000,0.000000,0.000000,0.000000
28.477975,766.000,1373.000,0.000000,0.000000,0.000000,0.000000,0.000000,0.000000
28.611802,766.000,1373.000,0.000000,0.000000,0.000000,0.000000,0.000000,0.000000
28.754508,766.000,1373.000,0.000000,0.000000,0.000000,0.000000,0.000000,0.000000
28.895822,775.000,1371.000,0.000000,0.000000,0.000000,0.000000,0.000000,0.000000
29.039763,775.000,1371.000,0.000000,0.000000,0.000000,0.000000,0.000000,0.000000
29.178605,775.000,1371.000,0.000000,0.000000,0.000000,0.000000,0.000000,0.000000
29.315885,775.000,1371.000,0.000000,0.000000,0.000000,0.000000,0.000000,0.000000
29.457339,775.000,1371.000,0.000000,0.000000,0.000000,0.000000,0.000000,0.000000
29.578574,787.000,1369.000,0.000000,0.000000,0.000000,0.000000,0.000000,0.000000
29.701077,787.000,1369.000,0.000000,0.000000,0.000000,0.000000,0.000000,0.000000
29.814003,787.000,1369.000,0.000000,0.000000,0.000000,0.000000,0.000000,0.000000
29.921580,787.000,1369.000,0.000000,0.000000,0.000000,0.000000,0.000000,0.000000
30.044145,787.000,1369.000,0.000000,0.000000,0.000000,0.000000,0.000000,0.000000
30.158653,812.000,1364.000,0.000000,0.000000,0.000000,0.000000,0.000000,0.000000
30.284153,812.000,1364.000,0.000000,0.000000,0.000000,0.000000,0.000000,0.000000
30.392827,812.000,1364.000,0.000000,0.000000,0.000000,0.000000,0.000000,0.000000
30.510223,812.000,1364.000,0.000000,0.000000,0.000000,0.000000,0.000000,0.000000
30.625652,812.000,1364.000,0.000000,0.000000,0.000000,0.000000,0.000000,0.000000
30.737881,812.000,1364.000,0.000000,0.000000,0.000000,0.000000,0.000000,0.000000
30.855724,827.000,1361.000,0.000000,0.000000,0.000000,0.000000,0.000000,0.000000
30.969936,827.000,1361.000,0.000000,0.000000,0.000000,0.000000,0.000000,0.000000
31.085769,827.000,1361.000,0.000000,0.000000,0.000000,0.000000,0.000000,0.000000
31.200637,827.000,1361.000,0.000000,0.000000,0.000000,0.000000,0.000000,0.000000
31.324552,827.000,1361.000,0.000000,0.000000,0.000000,0.000000,0.000000,0.000000
31.429937,855.000,1356.000,0.000000,0.000000,0.000000,0.000000,0.000000,0.000000
31.543666,855.000,1356.000,0.000000,0.000000,0.000000,0.000000,0.000000,0.000000
31.648604,855.000,1356.000,0.000000,0.000000,0.000000,0.000000,0.000000,0.000000
31.761441,855.000,1356.000,0.000000,0.000000,0.000000,0.000000,0.000000,0.000000
31.868097,855.000,1356.000,0.000000,0.000000,0.000000,0.000000,0.000000,0.000000
31.984103,865.000,1354.000,0.000000,0.000000,0.000000,0.000000,0.000000,0.000000
32.103063,865.000,1354.000,0.000000,0.000000,0.000000,0.000000,0.000000,0.000000
32.218790,865.000,1353.000,0.000000,0.000000,0.000000,0.000000,0.000000,0.000000
32.341691,865.000,1353.000,0.000000,0.000000,0.000000,0.000000,0.000000,0.000000
32.468549,865.000,1353.000,0.000000,0.000000,0.000000,0.000000,0.000000,0.000000
32.589885,879.000,1351.000,0.000000,0.000000,0.000000,0.000000,0.000000,0.000000
32.714110,879.000,1351.000,0.000000,0.000000,0.000000,0.000000,0.000000,0.000000
32.845566,879.000,1351.000,0.000000,0.000000,0.000000,0.000000,0.000000,0.000000
32.981526,879.000,1351.000,0.000000,0.000000,0.000000,0.000000,0.000000,0.000000
33.118647,879.000,1351.000,0.000000,0.000000,0.000000,0.000000,0.000000,0.000000
33.244489,879.000,1351.000,0.000000,0.000000,0.000000,0.000000,0.000000,0.000000
33.384509,886.000,1353.000,0.000000,0.000000,0.000000,0.000000,0.000000,0.000000
33.512964,886.000,1353.000,0.000000,0.000000,0.000000,0.000000,0.000000,0.000000
33.654497,886.000,1353.000,0.000000,0.000000,0.000000,0.000000,0.000000,0.000000
33.788585,886.000,1352.000,0.000000,0.000000,0.000000,0.000000,0.000000,0.000000
33.931598,886.000,1352.000,0.000000,0.000000,0.000000,0.000000,0.000000,0.000000
34.070042,887.000,1352.000,0.000000,0.000000,0.000000,0.000000,0.000000,0.000000
34.200151,887.000,1352.000,0.000000,0.000000,0.000000,0.000000,0.000000,0.000000
34.331666,887.000,1352.000,0.000000,0.000000,0.000000,0.000000,0.000000,0.000000
34.464557,887.000,1352.000,0.000000,0.000000,0.000000,0.000000,0.000000,0.000000
34.595703,887.000,1352.000,0.000000,0.000000,0.000000,0.000000,0.000000,0.000000
34.728428,887.000,1352.000,0.000000,0.000000,0.000000,0.000000,0.000000,0.000000
34.866013,886.000,1352.000,0.000000,0.000000,0.000000,0.000000,0.000000,0.000000
35.008713,886.000,1352.000,0.000000,0.000000,0.000000,0.000000,0.000000,0.000000
35.156070,886.000,1352.000,0.000000,0.000000,0.000000,0.000000,0.000000,0.000000
35.288474,886.000,1352.000,0.000000,0.000000,0.000000,0.000000,0.000000,0.000000
35.426001,886.000,1352.000,0.000000,0.000000,0.000000,0.000000,0.000000,0.000000
35.559849,886.000,1352.000,0.000000,0.000000,0.000000,0.000000,0.000000,0.000000
35.684248,887.000,1353.000,0.000000,0.000000,0.000000,0.000000,0.000000,0.000000
35.795829,887.000,1352.000,0.000000,0.000000,0.000000,0.000000,0.000000,0.000000
35.923900,887.000,1352.000,0.000000,0.000000,0.000000,0.000000,0.000000,0.000000
36.048008,887.000,1352.000,0.000000,0.000000,0.000000,0.000000,0.000000,0.000000
36.160243,887.000,1353.000,0.000000,0.000000,0.000000,0.000000,0.000000,0.000000
36.278412,886.000,1353.000,0.000000,0.000000,0.000000,0.000000,0.000000,0.000000
36.395784,886.000,1353.000,0.000000,0.000000,0.000000,0.000000,0.000000,0.000000
36.513971,886.000,1353.000,0.000000,0.000000,0.000000,0.000000,0.000000,0.000000
36.627027,886.000,1353.000,0.000000,0.000000,0.000000,0.000000,0.000000,0.000000
36.750060,886.000,1353.000,0.000000,0.000000,0.000000,0.000000,0.000000,0.000000
36.860073,886.000,1352.000,0.000000,0.000000,0.000000,0.000000,0.000000,0.000000
36.971669,886.000,1352.000,0.000000,0.000000,0.000000,0.000000,0.000000,0.000000
37.088745,886.000,1352.000,0.000000,0.000000,0.000000,0.000000,0.000000,0.000000
37.208678,886.000,1352.000,0.000000,0.000000,0.000000,0.000000,0.000000,0.000000
37.335979,886.000,1352.000,0.000000,0.000000,0.000000,0.000000,0.000000,0.000000
37.451951,886.000,1353.000,0.000000,0.000000,0.000000,0.000000,0.000000,0.000000
37.563654,886.000,1353.000,0.000000,0.000000,0.000000,0.000000,0.000000,0.000000
37.673496,886.000,1353.000,0.000000,0.000000,0.000000,0.000000,0.000000,0.000000
37.790127,886.000,1353.000,0.000000,0.000000,0.000000,0.000000,0.000000,0.000000
37.911385,886.000,1353.000,0.000000,0.000000,0.000000,0.000000,0.000000,0.000000
38.020030,886.000,1353.000,0.000000,0.000000,0.000000,0.000000,0.000000,0.000000
38.138435,886.000,1353.000,0.000000,0.000000,0.000000,0.000000,0.000000,0.000000
38.257421,886.000,1353.000,0.000000,0.000000,0.000000,0.000000,0.000000,0.000000
38.365649,886.000,1353.000,0.000000,0.000000,0.000000,0.000000,0.000000,0.000000
38.480331,886.000,1353.000,0.000000,0.000000,0.000000,0.000000,0.000000,0.000000
38.601619,886.000,1352.000,0.000000,0.000000,0.000000,0.000000,0.000000,0.000000
38.725626,886.000,1352.000,0.000000,0.000000,0.000000,0.000000,0.000000,0.000000
38.849894,886.000,1352.000,0.000000,0.000000,0.000000,0.000000,0.000000,0.000000
38.972134,886.000,1352.000,0.000000,0.000000,0.000000,0.000000,0.000000,0.000000
39.103265,886.000,1352.000,0.000000,0.000000,0.000000,0.000000,0.000000,0.000000
39.232641,886.000,1352.000,0.000000,0.000000,0.000000,0.000000,0.000000,0.000000
39.376576,886.000,1352.000,0.000000,0.000000,0.000000,0.000000,0.000000,0.000000
39.508301,886.000,1352.000,0.000000,0.000000,0.000000,0.000000,0.000000,0.000000
39.645739,886.000,1352.000,0.000000,0.000000,0.000000,0.000000,0.000000,0.000000
39.775816,886.000,1352.000,0.000000,0.000000,0.000000,0.000000,0.000000,0.000000
39.908292,886.000,1352.000,0.000000,0.000000,0.000000,0.000000,0.000000,0.000000
40.045825,886.000,1352.000,0.000000,0.000000,0.000000,0.000000,0.000000,0.000000
40.178310,886.000,1352.000,0.000000,0.000000,0.000000,0.000000,0.000000,0.000000
40.309977,886.000,1352.000,0.000000,0.000000,0.000000,0.000000,0.000000,0.000000
40.445472,886.000,1352.000,0.000000,0.000000,0.000000,0.000000,0.000000,0.000000
40.578143,886.000,1352.000,0.000000,0.000000,0.000000,0.000000,0.000000,0.000000
40.714426,886.000,1352.000,0.000000,0.000000,0.000000,0.000000,0.000000,0.000000
40.853004,886.000,1352.000,0.000000,0.000000,0.000000,0.000000,0.000000,0.000000
40.978761,886.000,1352.000,0.000000,0.000000,0.000000,0.000000,0.000000,0.000000
41.111553,886.000,1352.000,0.000000,0.000000,0.000000,0.000000,0.000000,0.000000
41.240258,886.000,1352.000,0.000000,0.000000,0.000000,0.000000,0.000000,0.000000
41.371829,886.000,1352.000,0.000000,0.000000,0.000000,0.000000,0.000000,0.000000
41.504255,886.000,1352.000,0.000000,0.000000,0.000000,0.000000,0.000000,0.000000
41.634102,886.000,1352.000,0.000000,0.000000,0.000000,0.000000,0.000000,0.000000
41.758574,886.000,1352.000,0.000000,0.000000,0.000000,0.000000,0.000000,0.000000
41.867285,886.000,1352.000,0.000000,0.000000,0.000000,0.000000,0.000000,0.000000
41.978346,886.000,1352.000,0.000000,0.000000,0.000000,0.000000,0.000000,0.000000
42.087988,886.000,1352.000,0.000000,0.000000,0.000000,0.000000,0.000000,0.000000
42.194241,886.000,1352.000,0.000000,0.000000,0.000000,0.000000,0.000000,0.000000
42.320377,886.000,1352.000,0.000000,0.000000,0.000000,0.000000,0.000000,0.000000
42.430009,886.000,1352.000,0.000000,0.000000,0.000000,0.000000,0.000000,0.000000
42.560096,886.000,1352.000,0.000000,0.000000,0.000000,0.000000,0.000000,0.000000
42.671376,886.000,1352.000,0.000000,0.000000,0.000000,0.000000,0.000000,0.000000
42.793008,886.000,1352.000,0.000000,0.000000,0.000000,0.000000,0.000000,0.000000
42.908667,886.000,1352.000,0.000000,0.000000,0.000000,0.000000,0.000000,0.000000
43.028285,886.000,1352.000,0.000000,0.000000,0.000000,0.000000,0.000000,0.000000
43.149498,886.000,1352.000,0.000000,0.000000,0.000000,0.000000,0.000000,0.000000
43.265597,886.000,1352.000,0.000000,0.000000,0.000000,0.000000,0.000000,0.000000
43.378372,886.000,1352.000,0.000000,0.000000,0.000000,0.000000,0.000000,0.000000
43.485905,886.000,1352.000,0.000000,0.000000,0.000000,0.000000,0.000000,0.000000
43.595966,886.000,1352.000,0.000000,0.000000,0.000000,0.000000,0.000000,0.000000
43.707442,886.000,1352.000,0.000000,0.000000,0.000000,0.000000,0.000000,0.000000
43.827003,886.000,1352.000,0.000000,0.000000,0.000000,0.000000,0.000000,0.000000
43.938276,886.000,1352.000,0.000000,0.000000,0.000000,0.000000,0.000000,0.000000
44.049940,886.000,1352.000,0.000000,0.000000,0.000000,0.000000,0.000000,0.000000
44.158431,886.000,1352.000,0.000000,0.000000,0.000000,0.000000,0.000000,0.000000
44.265956,886.000,1352.000,0.000000,0.000000,0.000000,0.000000,0.000000,0.000000
44.387975,886.000,1352.000,0.000000,0.000000,0.000000,0.000000,0.000000,0.000000
44.498568,886.000,1352.000,0.000000,0.000000,0.000000,0.000000,0.000000,0.000000
44.609550,886.000,1352.000,0.000000,0.000000,0.000000,0.000000,0.000000,0.000000
44.725616,886.000,1352.000,0.000000,0.000000,0.000000,0.000000,0.000000,0.000000
44.838376,886.000,1352.000,0.000000,0.000000,0.000000,0.000000,0.000000,0.000000
44.945996,886.000,1352.000,0.000000,0.000000,0.000000,0.000000,0.000000,0.000000
45.061624,886.000,1352.000,0.000000,0.000000,0.000000,0.000000,0.000000,0.000000
45.174209,886.000,1352.000,0.000000,0.000000,0.000000,0.000000,0.000000,0.000000
45.283847,886.000,1352.000,0.000000,0.000000,0.000000,0.000000,0.000000,0.000000
45.399848,886.000,1352.000,0.000000,0.000000,0.000000,0.000000,0.000000,0.000000
45.509891,886.000,1352.000,0.000000,0.000000,0.000000,0.000000,0.000000,0.000000
45.616104,886.000,1352.000,0.000000,0.000000,0.000000,0.000000,0.000000,0.000000
45.733901,886.000,1352.000,0.000000,0.000000,0.000000,0.000000,0.000000,0.000000
45.854215,886.000,1352.000,0.000000,0.000000,0.000000,0.000000,0.000000,0.000000
45.988383,886.000,1352.000,0.000000,0.000000,0.000000,0.000000,0.000000,0.000000
46.127763,886.000,1352.000,0.000000,0.000000,0.000000,0.000000,0.000000,0.000000
46.263839,886.000,1352.000,0.000000,0.000000,0.000000,0.000000,0.000000,0.000000
46.405846,886.000,1352.000,0.000000,0.000000,0.000000,0.000000,0.000000,0.000000
46.557941,886.000,1352.000,0.000000,0.000000,0.000000,0.000000,0.000000,0.000000
46.718542,886.000,1352.000,0.000000,0.000000,0.000000,0.000000,0.000000,0.000000
46.868651,886.000,1352.000,0.000000,0.000000,0.000000,0.000000,0.000000,0.000000
47.020013,886.000,1352.000,0.000000,0.000000,0.000000,0.000000,0.000000,0.000000
47.159988,886.000,1352.000,0.000000,0.000000,0.000000,0.000000,0.000000,0.000000
47.292524,886.000,1352.000,0.000000,0.000000,0.000000,0.000000,0.000000,0.000000
47.425279,886.000,1352.000,0.000000,0.000000,0.000000,0.000000,0.000000,0.000000
47.558216,886.000,1352.000,0.000000,0.000000,0.000000,0.000000,0.000000,0.000000
47.699950,886.000,1352.000,0.000000,0.000000,0.000000,0.000000,0.000000,0.000000
47.845783,886.000,1352.000,0.000000,0.000000,0.000000,0.000000,0.000000,0.000000
47.987365,886.000,1352.000,0.000000,0.000000,0.000000,0.000000,0.000000,0.000000
48.124157,886.000,1352.000,0.000000,0.000000,0.000000,0.000000,0.000000,0.000000
48.259637,886.000,1352.000,0.000000,0.000000,0.000000,0.000000,0.000000,0.000000
48.398730,886.000,1352.000,0.000000,0.000000,0.000000,0.000000,0.000000,0.000000
48.538777,886.000,1352.000,0.000000,0.000000,0.000000,0.000000,0.000000,0.000000
48.668610,886.000,1352.000,0.000000,0.000000,0.000000,0.000000,0.000000,0.000000
48.804325,886.000,1352.000,0.000000,0.000000,0.000000,0.000000,0.000000,0.000000
48.938672,886.000,1352.000,0.000000,0.000000,0.000000,0.000000,0.000000,0.000000
49.071700,886.000,1352.000,0.000000,0.000000,0.000000,0.000000,0.000000,0.000000
49.207344,886.000,1352.000,0.000000,0.000000,0.000000,0.000000,0.000000,0.000000
49.334461,886.000,1352.000,0.000000,0.000000,0.000000,0.000000,0.000000,0.000000
49.468515,886.000,1352.000,0.000000,0.000000,0.000000,0.000000,0.000000,0.000000
49.607320,886.000,1352.000,0.000000,0.000000,0.000000,0.000000,0.000000,0.000000
49.735987,886.000,1352.000,0.000000,0.000000,0.000000,0.000000,0.000000,0.000000
49.874425,886.000,1352.000,0.000000,0.000000,0.000000,0.000000,0.000000,0.000000
50.007499,886.000,1352.000,0.000000,0.000000,0.000000,0.000000,0.000000,0.000000
50.141812,886.000,1352.000,0.000000,0.000000,0.000000,0.000000,0.000000,0.000000
50.278399,886.000,1352.000,0.000000,0.000000,0.000000,0.000000,0.000000,0.000000
50.411623,886.000,1353.000,0.000000,0.000000,0.000000,0.000000,0.000000,0.000000
50.555692,886.000,1353.000,0.000000,0.000000,0.000000,0.000000,0.000000,0.000000
50.691470,886.000,1353.000,0.000000,0.000000,0.000000,0.000000,0.000000,0.000000
50.816652,886.000,1353.000,0.000000,0.000000,0.000000,0.000000,0.000000,0.000000
50.929824,886.000,1353.000,0.000000,0.000000,0.000000,0.000000,0.000000,0.000000
51.045634,886.000,1353.000,0.000000,0.000000,0.000000,0.000000,0.000000,0.000000
51.151512,886.000,1352.000,0.000000,0.000000,0.000000,0.000000,0.000000,0.000000
51.263309,886.000,1352.000,0.000000,0.000000,0.000000,0.000000,0.000000,0.000000
51.378731,886.000,1352.000,0.000000,0.000000,0.000000,0.000000,0.000000,0.000000
51.490269,886.000,1352.000,0.000000,0.000000,0.000000,0.000000,0.000000,0.000000
51.608672,886.000,1352.000,0.000000,0.000000,0.000000,0.000000,0.000000,0.000000
51.719948,886.000,1352.000,0.000000,0.000000,0.000000,0.000000,0.000000,0.000000
51.830133,887.000,1352.000,0.000000,0.000000,0.000000,0.000000,0.000000,0.000000
51.943672,887.000,1352.000,0.000000,0.000000,0.000000,0.000000,0.000000,0.000000
52.070183,887.000,1352.000,0.000000,0.000000,0.000000,0.000000,0.000000,0.000000
52.184392,887.000,1352.000,0.000000,0.000000,0.000000,0.000000,0.000000,0.000000
52.294341,886.000,1352.000,0.000000,0.000000,0.000000,0.000000,0.000000,0.000000
52.408720,886.000,1352.000,0.000000,0.000000,0.000000,0.000000,0.000000,0.000000
52.520008,886.000,1352.000,0.000000,0.000000,0.000000,0.000000,0.000000,0.000000
52.643055,886.000,1352.000,0.000000,0.000000,0.000000,0.000000,0.000000,0.000000
52.769376,886.000,1352.000,0.000000,0.000000,0.000000,0.000000,0.000000,0.000000
52.885612,887.000,1352.000,0.000000,0.000000,0.000000,0.000000,0.000000,0.000000
52.995913,887.000,1352.000,0.000000,0.000000,0.000000,0.000000,0.000000,0.000000
53.104181,887.000,1352.000,0.000000,0.000000,0.000000,0.000000,0.000000,0.000000
53.228732,887.000,1352.000,0.000000,0.000000,0.000000,0.000000,0.000000,0.000000
53.355819,886.000,1352.000,0.000000,0.000000,0.000000,0.000000,0.000000,0.000000
53.465557,886.000,1352.000,0.000000,0.000000,0.000000,0.000000,0.000000,0.000000
53.578325,886.000,1352.000,0.000000,0.000000,0.000000,0.000000,0.000000,0.000000
53.701584,886.000,1352.000,0.000000,0.000000,0.000000,0.000000,0.000000,0.000000
53.809859,886.000,1352.000,0.000000,0.000000,0.000000,0.000000,0.000000,0.000000
53.927875,886.000,1352.000,0.000000,0.000000,0.000000,0.000000,0.000000,0.000000
54.041703,887.000,1352.000,0.000000,0.000000,0.000000,0.000000,0.000000,0.000000
54.162973,887.000,1352.000,0.000000,0.000000,0.000000,0.000000,0.000000,0.000000
54.278020,886.000,1352.000,0.000000,0.000000,0.000000,0.000000,0.000000,0.000000
54.399758,886.000,1352.000,0.000000,0.000000,0.000000,0.000000,0.000000,0.000000
54.504404,886.000,1352.000,0.000000,0.000000,0.000000,0.000000,0.000000,0.000000
54.611413,886.000,1352.000,0.000000,0.000000,0.000000,0.000000,0.000000,0.000000
54.737942,886.000,1352.000,0.000000,0.000000,0.000000,0.000000,0.000000,0.000000
54.859839,886.000,1352.000,0.000000,0.000000,0.000000,0.000000,0.000000,0.000000
54.996438,886.000,1352.000,0.000000,0.000000,0.000000,0.000000,0.000000,0.000000
55.133671,886.000,1352.000,0.000000,0.000000,0.000000,0.000000,0.000000,0.000000
55.268342,886.000,1352.000,0.000000,0.000000,0.000000,0.000000,0.000000,0.000000
55.401918,886.000,1352.000,0.000000,0.000000,0.000000,0.000000,0.000000,0.000000
55.531387,886.000,1352.000,0.000000,0.000000,0.000000,0.000000,0.000000,0.000000
55.668075,886.000,1352.000,0.000000,0.000000,0.000000,0.000000,0.000000,0.000000
55.810202,886.000,1352.000,0.000000,0.000000,0.000000,0.000000,0.000000,0.000000
55.948493,886.000,1352.000,0.000000,0.000000,0.000000,0.000000,0.000000,0.000000
56.083238,886.000,1352.000,0.000000,0.000000,0.000000,0.000000,0.000000,0.000000
56.214252,886.000,1352.000,0.000000,0.000000,0.000000,0.000000,0.000000,0.000000
56.347083,886.000,1352.000,0.000000,0.000000,0.000000,0.000000,0.000000,0.000000
56.477958,886.000,1352.000,0.000000,0.000000,0.000000,0.000000,0.000000,0.000000
56.618228,886.000,1352.000,0.000000,0.000000,0.000000,0.000000,0.000000,0.000000
56.751658,886.000,1352.000,0.000000,0.000000,0.000000,0.000000,0.000000,0.000000
56.887039,886.000,1352.000,0.000000,0.000000,0.000000,0.000000,0.000000,0.000000
57.028571,886.000,1352.000,0.000000,0.000000,0.000000,0.000000,0.000000,0.000000
57.165869,886.000,1352.000,0.000000,0.000000,0.000000,0.000000,0.000000,0.000000
57.298069,886.000,1352.000,0.000000,0.000000,0.000000,0.000000,0.000000,0.000000
57.443116,886.000,1352.000,0.000000,0.000000,0.000000,0.000000,0.000000,0.000000
57.583326,886.000,1352.000,0.000000,0.000000,0.000000,0.000000,0.000000,0.000000
57.723559,886.000,1352.000,0.000000,0.000000,0.000000,0.000000,0.000000,0.000000
57.864095,886.000,1352.000,0.000000,0.000000,0.000000,0.000000,0.000000,0.000000
57.991353,886.000,1352.000,0.000000,0.000000,0.000000,0.000000,0.000000,0.000000
58.125994,886.000,1352.000,0.000000,0.000000,0.000000,0.000000,0.000000,0.000000
58.263211,886.000,1352.000,0.000000,0.000000,0.000000,0.000000,0.000000,0.000000
58.396544,886.000,1352.000,0.000000,0.000000,0.000000,0.000000,0.000000,0.000000
58.528621,886.000,1352.000,0.000000,0.000000,0.000000,0.000000,0.000000,0.000000
58.664336,886.000,1352.000,0.000000,0.000000,0.000000,0.000000,0.000000,0.000000
58.781877,886.000,1352.000,0.000000,0.000000,0.000000,0.000000,0.000000,0.000000
58.893950,886.000,1352.000,0.000000,0.000000,0.000000,0.000000,0.000000,0.000000
59.011812,886.000,1352.000,0.000000,0.000000,0.000000,0.000000,0.000000,0.000000
59.125264,886.000,1352.000,0.000000,0.000000,0.000000,0.000000,0.000000,0.000000
59.232639,886.000,1352.000,0.000000,0.000000,0.000000,0.000000,0.000000,0.000000
59.338654,886.000,1352.000,0.000000,0.000000,0.000000,0.000000,0.000000,0.000000
59.446982,886.000,1352.000,0.000000,0.000000,0.000000,0.000000,0.000000,0.000000
59.563244,886.000,1352.000,0.000000,0.000000,0.000000,0.000000,0.000000,0.000000
59.675813,886.000,1352.000,0.000000,0.000000,0.000000,0.000000,0.000000,0.000000
59.787090,886.000,1352.000,0.000000,0.000000,0.000000,0.000000,0.000000,0.000000
59.899799,886.000,1352.000,0.000000,0.000000,0.000000,0.000000,0.000000,0.000000
60.014047,886.000,1352.000,0.000000,0.000000,0.000000,0.000000,0.000000,0.000000
60.129585,886.000,1352.000,0.000000,0.000000,0.000000,0.000000,0.000000,0.000000
60.238207,886.000,1352.000,0.000000,0.000000,0.000000,0.000000,0.000000,0.000000
60.345575,886.000,1352.000,0.000000,0.000000,0.000000,0.000000,0.000000,0.000000
60.458711,886.000,1352.000,0.000000,0.000000,0.000000,0.000000,0.000000,0.000000
60.571381,886.000,1352.000,0.000000,0.000000,0.000000,0.000000,0.000000,0.000000
60.683754,886.000,1352.000,0.000000,0.000000,0.000000,0.000000,0.000000,0.000000
60.791724,886.000,1352.000,0.000000,0.000000,0.000000,0.000000,0.000000,0.000000
60.898626,886.000,1352.000,0.000000,0.000000,0.000000,0.000000,0.000000,0.000000
61.005972,886.000,1352.000,0.000000,0.000000,0.000000,0.000000,0.000000,0.000000
61.115697,886.000,1352.000,0.000000,0.000000,0.000000,0.000000,0.000000,0.000000
61.231477,886.000,1352.000,0.000000,0.000000,0.000000,0.000000,0.000000,0.000000
61.338168,886.000,1352.000,0.000000,0.000000,0.000000,0.000000,0.000000,0.000000
61.454247,886.000,1352.000,0.000000,0.000000,0.000000,0.000000,0.000000,0.000000
61.565908,886.000,1352.000,0.000000,0.000000,0.000000,0.000000,0.000000,0.000000
61.684199,886.000,1352.000,0.000000,0.000000,0.000000,0.000000,0.000000,0.000000
61.809791,886.000,1352.000,0.000000,0.000000,0.000000,0.000000,0.000000,0.000000
61.938889,886.000,1352.000,0.000000,0.000000,0.000000,0.000000,0.000000,0.000000
62.071478,886.000,1352.000,0.000000,0.000000,0.000000,0.000000,0.000000,0.000000
62.205608,886.000,1352.000,0.000000,0.000000,0.000000,0.000000,0.000000,0.000000
62.338543,886.000,1352.000,0.000000,0.000000,0.000000,0.000000,0.000000,0.000000
62.475798,886.000,1352.000,0.000000,0.000000,0.000000,0.000000,0.000000,0.000000
62.605648,886.000,1352.000,0.000000,0.000000,0.000000,0.000000,0.000000,0.000000
62.738346,886.000,1352.000,0.000000,0.000000,0.000000,0.000000,0.000000,0.000000
62.860796,886.000,1352.000,0.000000,0.000000,0.000000,0.000000,0.000000,0.000000
62.971459,886.000,1352.000,0.000000,0.000000,0.000000,0.000000,0.000000,0.000000
63.088380,886.000,1352.000,0.000000,0.000000,0.000000,0.000000,0.000000,0.000000
63.203481,886.000,1352.000,0.000000,0.000000,0.000000,0.000000,0.000000,0.000000
63.314195,886.000,1352.000,0.000000,0.000000,0.000000,0.000000,0.000000,0.000000
63.424093,886.000,1352.000,0.000000,0.000000,0.000000,0.000000,0.000000,0.000000
63.538131,886.000,1352.000,0.000000,0.000000,0.000000,0.000000,0.000000,0.000000
63.655929,886.000,1352.000,0.000000,0.000000,0.000000,0.000000,0.000000,0.000000
63.768407,886.000,1352.000,0.000000,0.000000,0.000000,0.000000,0.000000,0.000000
63.894042,886.000,1352.000,0.000000,0.000000,0.000000,0.000000,0.000000,0.000000
64.028414,886.000,1352.000,0.000000,0.000000,0.000000,0.000000,0.000000,0.000000
64.161475,886.000,1352.000,0.000000,0.000000,0.000000,0.000000,0.000000,0.000000
64.313789,886.000,1352.000,0.000000,0.000000,0.000000,0.000000,0.000000,0.000000
